{
    "model_1": {
        "loss": [
            1.0677272081375122,
            1.002722978591919,
            0.9471641778945923,
            0.8948449492454529,
            0.847362756729126,
            0.8082877397537231,
            0.7659431099891663,
            0.7328982949256897,
            0.7007265686988831,
            0.6706513166427612,
            0.6447778940200806,
            0.6189838647842407,
            0.5961239337921143,
            0.5740517973899841,
            0.5539737939834595,
            0.5356811285018921,
            0.5182167887687683,
            0.5015228390693665,
            0.4859914183616638,
            0.47179505228996277,
            0.45909997820854187,
            0.44659423828125,
            0.4339510500431061,
            0.4239257574081421,
            0.41315868496894836,
            0.40349623560905457,
            0.39397335052490234,
            0.38519221544265747,
            0.37749436497688293,
            0.3694182336330414,
            0.36223816871643066,
            0.354908287525177,
            0.3479419946670532,
            0.34146058559417725,
            0.335313618183136,
            0.329245388507843,
            0.3235693573951721,
            0.3184639513492584,
            0.3128150701522827,
            0.307796835899353,
            0.3042089343070984,
            0.29802775382995605,
            0.2936549186706543,
            0.289887934923172,
            0.284857839345932,
            0.2813643515110016,
            0.2770950198173523,
            0.2736901044845581,
            0.2698292136192322,
            0.2660048305988312
        ],
        "accuracy": [
            0.3733333349227905,
            0.4000000059604645,
            0.4399999976158142,
            0.4933333396911621,
            0.5733333230018616,
            0.6666666865348816,
            0.6800000071525574,
            0.6800000071525574,
            0.6933333277702332,
            0.7333333492279053,
            0.746666669845581,
            0.7599999904632568,
            0.7733333110809326,
            0.7733333110809326,
            0.7733333110809326,
            0.7866666913032532,
            0.8133333325386047,
            0.8133333325386047,
            0.8133333325386047,
            0.8133333325386047,
            0.8133333325386047,
            0.8133333325386047,
            0.8133333325386047,
            0.8133333325386047,
            0.8266666531562805,
            0.8399999737739563,
            0.8399999737739563,
            0.8533333539962769,
            0.8533333539962769,
            0.8533333539962769,
            0.8533333539962769,
            0.8799999952316284,
            0.8799999952316284,
            0.8799999952316284,
            0.8799999952316284,
            0.8799999952316284,
            0.8799999952316284,
            0.8933333158493042,
            0.9066666960716248,
            0.9066666960716248,
            0.9066666960716248,
            0.9200000166893005,
            0.9066666960716248,
            0.9066666960716248,
            0.9200000166893005,
            0.9333333373069763,
            0.9333333373069763,
            0.9333333373069763,
            0.9200000166893005,
            0.9333333373069763
        ],
        "val_loss": [
            1.0879912376403809,
            1.0247479677200317,
            0.9644893407821655,
            0.9108574390411377,
            0.8618670701980591,
            0.8151562213897705,
            0.7789978981018066,
            0.743012011051178,
            0.7089917659759521,
            0.679290235042572,
            0.6513251662254333,
            0.6246312260627747,
            0.5995786786079407,
            0.5771245360374451,
            0.5568976998329163,
            0.5371797680854797,
            0.5195362567901611,
            0.5022560358047485,
            0.48694464564323425,
            0.4727107286453247,
            0.46034231781959534,
            0.446798712015152,
            0.43571236729621887,
            0.4238587021827698,
            0.4135605990886688,
            0.40490958094596863,
            0.39556530117988586,
            0.3880711495876312,
            0.380648672580719,
            0.37240689992904663,
            0.3658898174762726,
            0.3601239025592804,
            0.3535226583480835,
            0.34733641147613525,
            0.34195423126220703,
            0.33760589361190796,
            0.332499235868454,
            0.3287333548069,
            0.32373669743537903,
            0.31923097372055054,
            0.31734350323677063,
            0.31291478872299194,
            0.30908194184303284,
            0.3047480583190918,
            0.30250489711761475,
            0.30052271485328674,
            0.2982326149940491,
            0.2940231263637543,
            0.29045426845550537,
            0.2893582284450531
        ],
        "val_accuracy": [
            0.3733333349227905,
            0.3866666555404663,
            0.46666666865348816,
            0.4933333396911621,
            0.5866666436195374,
            0.653333306312561,
            0.6666666865348816,
            0.7066666483879089,
            0.7200000286102295,
            0.746666669845581,
            0.7733333110809326,
            0.800000011920929,
            0.8266666531562805,
            0.8399999737739563,
            0.8399999737739563,
            0.8533333539962769,
            0.8399999737739563,
            0.8533333539962769,
            0.8533333539962769,
            0.8799999952316284,
            0.8799999952316284,
            0.8799999952316284,
            0.8799999952316284,
            0.8799999952316284,
            0.8799999952316284,
            0.8666666746139526,
            0.8666666746139526,
            0.8666666746139526,
            0.8666666746139526,
            0.8666666746139526,
            0.8666666746139526,
            0.8666666746139526,
            0.8666666746139526,
            0.8666666746139526,
            0.8666666746139526,
            0.8666666746139526,
            0.8666666746139526,
            0.9066666960716248,
            0.8933333158493042,
            0.9066666960716248,
            0.9200000166893005,
            0.9200000166893005,
            0.9200000166893005,
            0.9200000166893005,
            0.9200000166893005,
            0.9200000166893005,
            0.9200000166893005,
            0.9200000166893005,
            0.9200000166893005,
            0.9200000166893005
        ]
    },