{
    "model_1": {
        "loss": [
            1.0450085401535034,
            1.0043259859085083,
            0.9604129195213318,
            0.9230799078941345,
            0.8840153217315674,
            0.8480786085128784,
            0.8122647404670715,
            0.7790995240211487,
            0.7483837604522705,
            0.7209259867668152,
            0.6940245628356934,
            0.669289767742157,
            0.647140622138977,
            0.6266651153564453,
            0.6077306270599365,
            0.5905947089195251,
            0.5740702748298645,
            0.5589025616645813,
            0.5442829728126526,
            0.5308172106742859,
            0.5183092355728149,
            0.5062153339385986,
            0.49550744891166687,
            0.484376460313797,
            0.4742971658706665,
            0.4643876254558563,
            0.4553629159927368,
            0.4465124011039734,
            0.43821802735328674,
            0.43012431263923645,
            0.4226987659931183,
            0.4151161015033722,
            0.40788498520851135,
            0.4009908139705658,
            0.3952801823616028,
            0.38825753331184387,
            0.38262054324150085,
            0.3762426972389221,
            0.3710932731628418,
            0.365721732378006,
            0.35969072580337524,
            0.35459578037261963,
            0.3498709797859192,
            0.3451559543609619,
            0.3400470018386841,
            0.3359227776527405,
            0.3313310742378235,
            0.3271661400794983,
            0.32240188121795654,
            0.31836190819740295
        ],
        "accuracy": [
            0.47999998927116394,
            0.5866666436195374,
            0.6000000238418579,
            0.6399999856948853,
            0.653333306312561,
            0.653333306312561,
            0.653333306312561,
            0.6666666865348816,
            0.6800000071525574,
            0.6800000071525574,
            0.6933333277702332,
            0.7066666483879089,
            0.7333333492279053,
            0.746666669845581,
            0.7733333110809326,
            0.7733333110809326,
            0.7733333110809326,
            0.7733333110809326,
            0.7733333110809326,
            0.7866666913032532,
            0.7866666913032532,
            0.800000011920929,
            0.800000011920929,
            0.800000011920929,
            0.8133333325386047,
            0.8133333325386047,
            0.8133333325386047,
            0.8266666531562805,
            0.8266666531562805,
            0.8266666531562805,
            0.8399999737739563,
            0.8666666746139526,
            0.8666666746139526,
            0.8799999952316284,
            0.8799999952316284,
            0.8799999952316284,
            0.8799999952316284,
            0.8799999952316284,
            0.8799999952316284,
            0.8799999952316284,
            0.8799999952316284,
            0.8799999952316284,
            0.8933333158493042,
            0.8933333158493042,
            0.8933333158493042,
            0.9066666960716248,
            0.9066666960716248,
            0.9066666960716248,
            0.9066666960716248,
            0.9066666960716248
        ],
        "val_loss": [
            0.9895042777061462,
            0.9447201490402222,
            0.9057905077934265,
            0.8646592497825623,
            0.8267539739608765,
            0.7881953120231628,
            0.7530297040939331,
            0.7202356457710266,
            0.6897389888763428,
            0.6593311429023743,
            0.6332367062568665,
            0.608796238899231,
            0.585859477519989,
            0.5651528239250183,
            0.5465549230575562,
            0.529411792755127,
            0.5135380625724792,
            0.4983949363231659,
            0.4846402406692505,
            0.47196465730667114,
            0.46007710695266724,
            0.4489784240722656,
            0.4384218752384186,
            0.4280363917350769,
            0.4188326895236969,
            0.40995708107948303,
            0.40179386734962463,
            0.3934950828552246,
            0.38580769300460815,
            0.37921109795570374,
            0.37250232696533203,
            0.365287184715271,
            0.35908153653144836,
            0.3532935380935669,
            0.3480646014213562,
            0.3420209586620331,
            0.3365781009197235,
            0.3313711881637573,
            0.3263448178768158,
            0.321723997592926,
            0.3167736828327179,
            0.31216055154800415,
            0.307990700006485,
            0.3036675453186035,
            0.2994289696216583,
            0.29607754945755005,
            0.29211726784706116,
            0.28858765959739685,
            0.28454846143722534,
            0.2808327376842499
        ],
        "val_accuracy": [
            0.5600000023841858,
            0.6266666650772095,
            0.6399999856948853,
            0.6666666865348816,
            0.6666666865348816,
            0.6666666865348816,
            0.7200000286102295,
            0.7200000286102295,
            0.746666669845581,
            0.7599999904632568,
            0.7866666913032532,
            0.8133333325386047,
            0.8266666531562805,
            0.8266666531562805,
            0.8266666531562805,
            0.8533333539962769,
            0.8533333539962769,
            0.8533333539962769,
            0.8666666746139526,
            0.8799999952316284,
            0.8799999952316284,
            0.8799999952316284,
            0.8666666746139526,
            0.8666666746139526,
            0.8666666746139526,
            0.8666666746139526,
            0.8799999952316284,
            0.8799999952316284,
            0.8933333158493042,
            0.8933333158493042,
            0.9066666960716248,
            0.8933333158493042,
            0.9066666960716248,
            0.9066666960716248,
            0.9066666960716248,
            0.9066666960716248,
            0.9066666960716248,
            0.9066666960716248,
            0.9066666960716248,
            0.9066666960716248,
            0.9066666960716248,
            0.9066666960716248,
            0.9066666960716248,
            0.9066666960716248,
            0.9066666960716248,
            0.9200000166893005,
            0.9333333373069763,
            0.9333333373069763,
            0.9333333373069763,
            0.9333333373069763
        ]
    },