{
    "model_1": {
        "loss": [
            1.4162395000457764,
            1.310652732849121,
            1.2111029624938965,
            1.1266716718673706,
            1.0510265827178955,
            0.9873367547988892,
            0.9272861480712891,
            0.877293586730957,
            0.832226037979126,
            0.7938385605812073,
            0.7605197429656982,
            0.7285544276237488,
            0.7015720009803772,
            0.6782232522964478,
            0.6557411551475525,
            0.6366052031517029,
            0.6192725300788879,
            0.6033136248588562,
            0.5890766978263855,
            0.5756350159645081,
            0.5633217096328735,
            0.551198422908783,
            0.5399595499038696,
            0.5296343564987183,
            0.5197706818580627,
            0.5104959011077881,
            0.5017711520195007,
            0.4932665526866913,
            0.4850035607814789,
            0.4770841598510742,
            0.46913889050483704,
            0.461558073759079,
            0.4544215500354767,
            0.44769367575645447,
            0.44098979234695435,
            0.4344555139541626,
            0.4276837110519409,
            0.4216660261154175,
            0.41597357392311096,
            0.40995481610298157,
            0.4041121006011963,
            0.39868298172950745,
            0.3926219046115875,
            0.387774258852005,
            0.381409615278244,
            0.37645894289016724,
            0.3710399866104126,
            0.3658384382724762,
            0.36145687103271484,
            0.3557071387767792
        ],
        "accuracy": [
            0.2133333384990692,
            0.3199999928474426,
            0.3199999928474426,
            0.3333333432674408,
            0.3466666638851166,
            0.3866666555404663,
            0.46666666865348816,
            0.54666668176651,
            0.6133333444595337,
            0.6399999856948853,
            0.6399999856948853,
            0.6800000071525574,
            0.6800000071525574,
            0.6933333277702332,
            0.6933333277702332,
            0.6933333277702332,
            0.7333333492279053,
            0.746666669845581,
            0.7599999904632568,
            0.7599999904632568,
            0.7599999904632568,
            0.7733333110809326,
            0.7733333110809326,
            0.7866666913032532,
            0.7866666913032532,
            0.7866666913032532,
            0.7866666913032532,
            0.7866666913032532,
            0.7866666913032532,
            0.800000011920929,
            0.800000011920929,
            0.800000011920929,
            0.800000011920929,
            0.800000011920929,
            0.8133333325386047,
            0.8133333325386047,
            0.8266666531562805,
            0.8399999737739563,
            0.8533333539962769,
            0.8533333539962769,
            0.8533333539962769,
            0.8666666746139526,
            0.8666666746139526,
            0.8666666746139526,
            0.8666666746139526,
            0.8666666746139526,
            0.8799999952316284,
            0.8799999952316284,
            0.8799999952316284,
            0.8933333158493042
        ],
        "val_loss": [
            1.3887659311294556,
            1.2762422561645508,
            1.1788690090179443,
            1.088714838027954,
            1.0108743906021118,
            0.9419869780540466,
            0.8843284845352173,
            0.8340528607368469,
            0.7912698984146118,
            0.7519088983535767,
            0.7144466042518616,
            0.6833345293998718,
            0.6548856496810913,
            0.6285087466239929,
            0.6074202060699463,
            0.5875147581100464,
            0.5686739087104797,
            0.5523669719696045,
            0.5380287766456604,
            0.5237467885017395,
            0.5112273693084717,
            0.49960824847221375,
            0.4884280860424042,
            0.47806817293167114,
            0.46809494495391846,
            0.4589034914970398,
            0.4507332444190979,
            0.4428125023841858,
            0.43479394912719727,
            0.4275292456150055,
            0.4197755455970764,
            0.4130278527736664,
            0.40637490153312683,
            0.39996469020843506,
            0.39395198225975037,
            0.38781869411468506,
            0.3813406229019165,
            0.3756844699382782,
            0.37037909030914307,
            0.3641868829727173,
            0.35862529277801514,
            0.3542625308036804,
            0.34909629821777344,
            0.34442389011383057,
            0.338945209980011,
            0.33371269702911377,
            0.32948073744773865,
            0.32506582140922546,
            0.3199611008167267,
            0.31594300270080566
        ],
        "val_accuracy": [
            0.2666666805744171,
            0.2933333218097687,
            0.3199999928474426,
            0.36000001430511475,
            0.3866666555404663,
            0.46666666865348816,
            0.5199999809265137,
            0.5733333230018616,
            0.6399999856948853,
            0.6666666865348816,
            0.6933333277702332,
            0.7066666483879089,
            0.7066666483879089,
            0.746666669845581,
            0.7599999904632568,
            0.7599999904632568,
            0.7599999904632568,
            0.7733333110809326,
            0.7866666913032532,
            0.800000011920929,
            0.8133333325386047,
            0.8399999737739563,
            0.8533333539962769,
            0.8666666746139526,
            0.8666666746139526,
            0.8666666746139526,
            0.8666666746139526,
            0.8933333158493042,
            0.8933333158493042,
            0.8933333158493042,
            0.9200000166893005,
            0.9200000166893005,
            0.9200000166893005,
            0.9200000166893005,
            0.9066666960716248,
            0.9066666960716248,
            0.9066666960716248,
            0.9066666960716248,
            0.9066666960716248,
            0.9066666960716248,
            0.9066666960716248,
            0.9333333373069763,
            0.9333333373069763,
            0.9333333373069763,
            0.9333333373069763,
            0.9333333373069763,
            0.9466666579246521,
            0.9466666579246521,
            0.9466666579246521,
            0.9466666579246521
        ]
    },