{
    "model_1": {
        "loss": [
            0.7762436866760254,
            0.7397960424423218,
            0.704881489276886,
            0.6710835695266724,
            0.6389780640602112,
            0.609138011932373,
            0.5797358751296997,
            0.5537046194076538,
            0.5273545980453491,
            0.503795862197876,
            0.48152390122413635,
            0.4626697897911072,
            0.4421677589416504,
            0.4253409206867218,
            0.4087943136692047,
            0.3944959044456482,
            0.3807729482650757,
            0.3678241968154907,
            0.35651895403862,
            0.3452666103839874,
            0.3348982632160187,
            0.32539406418800354,
            0.3173493444919586,
            0.3085553050041199,
            0.3013951778411865,
            0.29346802830696106,
            0.2868814170360565,
            0.28073692321777344,
            0.2744200527667999,
            0.26848649978637695,
            0.2629988193511963,
            0.25845834612846375,
            0.25326263904571533,
            0.24775934219360352,
            0.24338211119174957,
            0.2388695776462555,
            0.23418162763118744,
            0.23004229366779327,
            0.22610679268836975,
            0.2219993621110916,
            0.21869976818561554,
            0.21494613587856293,
            0.21089290082454681,
            0.20754314959049225,
            0.2042575627565384,
            0.20096313953399658,
            0.1971428096294403,
            0.19414004683494568,
            0.19078607857227325,
            0.18777793645858765
        ],
        "accuracy": [
            0.6399999856948853,
            0.6399999856948853,
            0.6800000071525574,
            0.7200000286102295,
            0.746666669845581,
            0.7733333110809326,
            0.7866666913032532,
            0.8133333325386047,
            0.8399999737739563,
            0.8399999737739563,
            0.8666666746139526,
            0.8799999952316284,
            0.8799999952316284,
            0.9200000166893005,
            0.9066666960716248,
            0.9066666960716248,
            0.9066666960716248,
            0.9066666960716248,
            0.9200000166893005,
            0.9200000166893005,
            0.9200000166893005,
            0.9200000166893005,
            0.9200000166893005,
            0.9200000166893005,
            0.9333333373069763,
            0.9466666579246521,
            0.9466666579246521,
            0.9466666579246521,
            0.9466666579246521,
            0.9466666579246521,
            0.9466666579246521,
            0.9599999785423279,
            0.9599999785423279,
            0.9599999785423279,
            0.9599999785423279,
            0.9599999785423279,
            0.9599999785423279,
            0.9599999785423279,
            0.9599999785423279,
            0.9599999785423279,
            0.9599999785423279,
            0.9599999785423279,
            0.9599999785423279,
            0.9733333587646484,
            0.9733333587646484,
            0.9733333587646484,
            0.9733333587646484,
            0.9733333587646484,
            0.9733333587646484,
            0.9733333587646484
        ],
        "val_loss": [
            0.7365126013755798,
            0.7029640674591064,
            0.6703523993492126,
            0.6393241286277771,
            0.6103945374488831,
            0.5828474164009094,
            0.5571358799934387,
            0.5320517420768738,
            0.5099289417266846,
            0.48825693130493164,
            0.4685961902141571,
            0.4500717222690582,
            0.4336484372615814,
            0.4186599850654602,
            0.40481704473495483,
            0.39094477891921997,
            0.37884947657585144,
            0.3677581250667572,
            0.35804060101509094,
            0.3488777279853821,
            0.33956196904182434,
            0.3312831223011017,
            0.3231528699398041,
            0.317001610994339,
            0.3111386299133301,
            0.30499085783958435,
            0.29918256402015686,
            0.2942134141921997,
            0.28876903653144836,
            0.28398123383522034,
            0.27899935841560364,
            0.27607280015945435,
            0.27054470777511597,
            0.2675086259841919,
            0.2638145983219147,
            0.2603691816329956,
            0.25738534331321716,
            0.25501638650894165,
            0.2512839734554291,
            0.24794542789459229,
            0.2462494969367981,
            0.24223823845386505,
            0.23974274098873138,
            0.23863565921783447,
            0.23662066459655762,
            0.23293085396289825,
            0.22960932552814484,
            0.2265833467245102,
            0.2245047688484192,
            0.2240268737077713
        ],
        "val_accuracy": [
            0.7066666483879089,
            0.7066666483879089,
            0.7200000286102295,
            0.7200000286102295,
            0.800000011920929,
            0.8666666746139526,
            0.8933333158493042,
            0.8933333158493042,
            0.8799999952316284,
            0.8666666746139526,
            0.8933333158493042,
            0.9066666960716248,
            0.9333333373069763,
            0.9466666579246521,
            0.9466666579246521,
            0.9466666579246521,
            0.9466666579246521,
            0.9466666579246521,
            0.9599999785423279,
            0.9599999785423279,
            0.9466666579246521,
            0.9466666579246521,
            0.9466666579246521,
            0.9466666579246521,
            0.9466666579246521,
            0.9466666579246521,
            0.9466666579246521,
            0.9466666579246521,
            0.9466666579246521,
            0.9466666579246521,
            0.9466666579246521,
            0.9466666579246521,
            0.9466666579246521,
            0.9466666579246521,
            0.9466666579246521,
            0.9466666579246521,
            0.9466666579246521,
            0.9333333373069763,
            0.9333333373069763,
            0.9466666579246521,
            0.9333333373069763,
            0.9333333373069763,
            0.9333333373069763,
            0.9333333373069763,
            0.9333333373069763,
            0.9333333373069763,
            0.9333333373069763,
            0.9333333373069763,
            0.9333333373069763,
            0.9333333373069763
        ]
    },